<!DOCTYPE beans PUBLIC "-//SPRING//DTD BEAN 2.0//EN"
"http://www.springframework.org/dtd/spring-beans-2.0.dtd">


<beans> 

<!--  load the properties into  the IOC context -->
<bean class="org.springframework.beans.factory.config.PropertyPlaceholderConfigurer">
	<property name="location" value="resource/details.properties"></property>
</bean>

<!-- inject the context scope in to the required class -->
<bean id="cp" class="beans.CP">
	<property name="username" value="${username}"></property>
	<property name="password" value="${password}"></property>
</bean>

</beans>