<!DOCTYPE beans PUBLIC "-//SPRING//DTD BEAN 2.0//EN"
"http://www.springframework.org/dtd/spring-beans-2.0.dtd">

<beans>
<!-- autowiring by constructor will internally uses byType   -->
<bean id="engine" class="beans.Engine" autowire-candidate="false">
<property name="modelYear" value="2015"></property></bean>

<!-- 
to avoid the ambiguity problem we will use the autowire-candidate="false"  -->
<bean id="e2" class="beans.Engine">
<property name="modelYear" value="2016"></property></bean> 

<bean id="c" class="beans.Car" autowire="constructor">
</bean>

</beans>
			
